[{"model": "auth.permission", "pk": 1, "fields": {"name": "Can add log entry", "content_type": 1, "codename": "add_logentry"}}, {"model": "auth.permission", "pk": 2, "fields": {"name": "Can change log entry", "content_type": 1, "codename": "change_logentry"}}, {"model": "auth.permission", "pk": 3, "fields": {"name": "Can delete log entry", "content_type": 1, "codename": "delete_logentry"}}, {"model": "auth.permission", "pk": 4, "fields": {"name": "Can view log entry", "content_type": 1, "codename": "view_logentry"}}, {"model": "auth.permission", "pk": 5, "fields": {"name": "Can add permission", "content_type": 2, "codename": "add_permission"}}, {"model": "auth.permission", "pk": 6, "fields": {"name": "Can change permission", "content_type": 2, "codename": "change_permission"}}, {"model": "auth.permission", "pk": 7, "fields": {"name": "Can delete permission", "content_type": 2, "codename": "delete_permission"}}, {"model": "auth.permission", "pk": 8, "fields": {"name": "Can view permission", "content_type": 2, "codename": "view_permission"}}, {"model": "auth.permission", "pk": 9, "fields": {"name": "Can add group", "content_type": 3, "codename": "add_group"}}, {"model": "auth.permission", "pk": 10, "fields": {"name": "Can change group", "content_type": 3, "codename": "change_group"}}, {"model": "auth.permission", "pk": 11, "fields": {"name": "Can delete group", "content_type": 3, "codename": "delete_group"}}, {"model": "auth.permission", "pk": 12, "fields": {"name": "Can view group", "content_type": 3, "codename": "view_group"}}, {"model": "auth.permission", "pk": 13, "fields": {"name": "Can add content type", "content_type": 4, "codename": "add_contenttype"}}, {"model": "auth.permission", "pk": 14, "fields": {"name": "Can change content type", "content_type": 4, "codename": "change_contenttype"}}, {"model": "auth.permission", "pk": 15, "fields": {"name": "Can delete content type", "content_type": 4, "codename": "delete_contenttype"}}, {"model": "auth.permission", "pk": 16, "fields": {"name": "Can view content type", "content_type": 4, "codename": "view_contenttype"}}, {"model": "auth.permission", "pk": 17, "fields": {"name": "Can add session", "content_type": 5, "codename": "add_session"}}, {"model": "auth.permission", "pk": 18, "fields": {"name": "Can change session", "content_type": 5, "codename": "change_session"}}, {"model": "auth.permission", "pk": 19, "fields": {"name": "Can delete session", "content_type": 5, "codename": "delete_session"}}, {"model": "auth.permission", "pk": 20, "fields": {"name": "Can view session", "content_type": 5, "codename": "view_session"}}, {"model": "auth.permission", "pk": 21, "fields": {"name": "Can add \u043a\u0430\u0442\u0435\u0433\u043e\u0440\u0438\u044f", "content_type": 6, "codename": "add_productcategory"}}, {"model": "auth.permission", "pk": 22, "fields": {"name": "Can change \u043a\u0430\u0442\u0435\u0433\u043e\u0440\u0438\u044f", "content_type": 6, "codename": "change_productcategory"}}, {"model": "auth.permission", "pk": 23, "fields": {"name": "Can delete \u043a\u0430\u0442\u0435\u0433\u043e\u0440\u0438\u044f", "content_type": 6, "codename": "delete_productcategory"}}, {"model": "auth.permission", "pk": 24, "fields": {"name": "Can view \u043a\u0430\u0442\u0435\u0433\u043e\u0440\u0438\u044f", "content_type": 6, "codename": "view_productcategory"}}, {"model": "auth.permission", "pk": 25, "fields": {"name": "Can add \u043f\u0440\u043e\u0434\u0443\u043a\u0442", "content_type": 7, "codename": "add_product"}}, {"model": "auth.permission", "pk": 26, "fields": {"name": "Can change \u043f\u0440\u043e\u0434\u0443\u043a\u0442", "content_type": 7, "codename": "change_product"}}, {"model": "auth.permission", "pk": 27, "fields": {"name": "Can delete \u043f\u0440\u043e\u0434\u0443\u043a\u0442", "content_type": 7, "codename": "delete_product"}}, {"model": "auth.permission", "pk": 28, "fields": {"name": "Can view \u043f\u0440\u043e\u0434\u0443\u043a\u0442", "content_type": 7, "codename": "view_product"}}, {"model": "auth.permission", "pk": 29, "fields": {"name": "Can add user", "content_type": 8, "codename": "add_shopuser"}}, {"model": "auth.permission", "pk": 30, "fields": {"name": "Can change user", "content_type": 8, "codename": "change_shopuser"}}, {"model": "auth.permission", "pk": 31, "fields": {"name": "Can delete user", "content_type": 8, "codename": "delete_shopuser"}}, {"model": "auth.permission", "pk": 32, "fields": {"name": "Can view user", "content_type": 8, "codename": "view_shopuser"}}, {"model": "auth.permission", "pk": 33, "fields": {"name": "Can add basket", "content_type": 9, "codename": "add_basket"}}, {"model": "auth.permission", "pk": 34, "fields": {"name": "Can change basket", "content_type": 9, "codename": "change_basket"}}, {"model": "auth.permission", "pk": 35, "fields": {"name": "Can delete basket", "content_type": 9, "codename": "delete_basket"}}, {"model": "auth.permission", "pk": 36, "fields": {"name": "Can view basket", "content_type": 9, "codename": "view_basket"}}, {"model": "auth.permission", "pk": 37, "fields": {"name": "Can add association", "content_type": 10, "codename": "add_association"}}, {"model": "auth.permission", "pk": 38, "fields": {"name": "Can change association", "content_type": 10, "codename": "change_association"}}, {"model": "auth.permission", "pk": 39, "fields": {"name": "Can delete association", "content_type": 10, "codename": "delete_association"}}, {"model": "auth.permission", "pk": 40, "fields": {"name": "Can view association", "content_type": 10, "codename": "view_association"}}, {"model": "auth.permission", "pk": 41, "fields": {"name": "Can add code", "content_type": 11, "codename": "add_code"}}, {"model": "auth.permission", "pk": 42, "fields": {"name": "Can change code", "content_type": 11, "codename": "change_code"}}, {"model": "auth.permission", "pk": 43, "fields": {"name": "Can delete code", "content_type": 11, "codename": "delete_code"}}, {"model": "auth.permission", "pk": 44, "fields": {"name": "Can view code", "content_type": 11, "codename": "view_code"}}, {"model": "auth.permission", "pk": 45, "fields": {"name": "Can add nonce", "content_type": 12, "codename": "add_nonce"}}, {"model": "auth.permission", "pk": 46, "fields": {"name": "Can change nonce", "content_type": 12, "codename": "change_nonce"}}, {"model": "auth.permission", "pk": 47, "fields": {"name": "Can delete nonce", "content_type": 12, "codename": "delete_nonce"}}, {"model": "auth.permission", "pk": 48, "fields": {"name": "Can view nonce", "content_type": 12, "codename": "view_nonce"}}, {"model": "auth.permission", "pk": 49, "fields": {"name": "Can add user social auth", "content_type": 13, "codename": "add_usersocialauth"}}, {"model": "auth.permission", "pk": 50, "fields": {"name": "Can change user social auth", "content_type": 13, "codename": "change_usersocialauth"}}, {"model": "auth.permission", "pk": 51, "fields": {"name": "Can delete user social auth", "content_type": 13, "codename": "delete_usersocialauth"}}, {"model": "auth.permission", "pk": 52, "fields": {"name": "Can view user social auth", "content_type": 13, "codename": "view_usersocialauth"}}, {"model": "auth.permission", "pk": 53, "fields": {"name": "Can add partial", "content_type": 14, "codename": "add_partial"}}, {"model": "auth.permission", "pk": 54, "fields": {"name": "Can change partial", "content_type": 14, "codename": "change_partial"}}, {"model": "auth.permission", "pk": 55, "fields": {"name": "Can delete partial", "content_type": 14, "codename": "delete_partial"}}, {"model": "auth.permission", "pk": 56, "fields": {"name": "Can view partial", "content_type": 14, "codename": "view_partial"}}, {"model": "auth.permission", "pk": 57, "fields": {"name": "Can add shop user profile", "content_type": 15, "codename": "add_shopuserprofile"}}, {"model": "auth.permission", "pk": 58, "fields": {"name": "Can change shop user profile", "content_type": 15, "codename": "change_shopuserprofile"}}, {"model": "auth.permission", "pk": 59, "fields": {"name": "Can delete shop user profile", "content_type": 15, "codename": "delete_shopuserprofile"}}, {"model": "auth.permission", "pk": 60, "fields": {"name": "Can view shop user profile", "content_type": 15, "codename": "view_shopuserprofile"}}, {"model": "auth.permission", "pk": 61, "fields": {"name": "Can add \u0437\u0430\u043a\u0430\u0437", "content_type": 16, "codename": "add_order"}}, {"model": "auth.permission", "pk": 62, "fields": {"name": "Can change \u0437\u0430\u043a\u0430\u0437", "content_type": 16, "codename": "change_order"}}, {"model": "auth.permission", "pk": 63, "fields": {"name": "Can delete \u0437\u0430\u043a\u0430\u0437", "content_type": 16, "codename": "delete_order"}}, {"model": "auth.permission", "pk": 64, "fields": {"name": "Can view \u0437\u0430\u043a\u0430\u0437", "content_type": 16, "codename": "view_order"}}, {"model": "auth.permission", "pk": 65, "fields": {"name": "Can add order item", "content_type": 17, "codename": "add_orderitem"}}, {"model": "auth.permission", "pk": 66, "fields": {"name": "Can change order item", "content_type": 17, "codename": "change_orderitem"}}, {"model": "auth.permission", "pk": 67, "fields": {"name": "Can delete order item", "content_type": 17, "codename": "delete_orderitem"}}, {"model": "auth.permission", "pk": 68, "fields": {"name": "Can view order item", "content_type": 17, "codename": "view_orderitem"}}, {"model": "sessions.session", "pk": "06s22jsqgpz5lpksmrjj62i59mr5zjbp", "fields": {"session_data": "ZTY0YjAzODJlZjE4NzY2YjMxMWQxZGQyYjMzNDBhMmY2NWZhOGVmNDp7Im5leHQiOiIvIiwidmstb2F1dGgyX3N0YXRlIjoidlpUbm9hbG42c3labWpFNW12ZENuSXMxSVJ1UmtOUW0ifQ==", "expire_date": "2020-11-12T12:46:17.284Z"}}, {"model": "sessions.session", "pk": "fs9hwl1i41nub6jm6aeaf53rbl995chf", "fields": {"session_data": "YTRlNGUyMWFkNGM1MGE0ZGQ1MzQ0MzA0ZTY2MmEzMjYwNDA5ZjYxNjp7Im5leHQiOiIvIiwiZ29vZ2xlLW9hdXRoMl9zdGF0ZSI6IjRpaWRxR0lxblNhV09DeXhkc3FWSFFlMVU2OFg4Z25TIiwiX2F1dGhfdXNlcl9pZCI6IjIwIiwiX2F1dGhfdXNlcl9iYWNrZW5kIjoic29jaWFsX2NvcmUuYmFja2VuZHMuZ29vZ2xlLkdvb2dsZU9BdXRoMiIsIl9hdXRoX3VzZXJfaGFzaCI6ImJlZTdlY2ZlZDFkZDY1MmU0OWM3ZjdiNTI4M2MxMzQ0OGEwMmRlOWQiLCJzb2NpYWxfYXV0aF9sYXN0X2xvZ2luX2JhY2tlbmQiOiJnb29nbGUtb2F1dGgyIn0=", "expire_date": "2020-11-13T00:32:56.515Z"}}, {"model": "sessions.session", "pk": "kaz5busafdoebk7fha5dtxahee7p3j2c", "fields": {"session_data": "ODcxMzE2YWVjNzIyMTFkMWFiNGVhZDljZTI5NmQyMzQyYzhmMDY5YTp7Il9hdXRoX3VzZXJfaWQiOiIxMCIsIl9hdXRoX3VzZXJfYmFja2VuZCI6ImRqYW5nby5jb250cmliLmF1dGguYmFja2VuZHMuTW9kZWxCYWNrZW5kIiwiX2F1dGhfdXNlcl9oYXNoIjoiY2Q3MDFmZjQxYWZlNGU0MGI2YzY1OTk4MDhmODYwZTRjMjgzM2Y2MSJ9", "expire_date": "2020-11-05T15:31:32.415Z"}}, {"model": "sessions.session", "pk": "p03w8knbtos15nuedvcdgf762p0r4nqs", "fields": {"session_data": "ZmExN2E3YTE0MmVkN2Y2NGQyZjU5YWU1YjUzYzM2N2M2ZTg1MTY3NTp7Il9hdXRoX3VzZXJfaWQiOiIxIiwiX2F1dGhfdXNlcl9iYWNrZW5kIjoiZGphbmdvLmNvbnRyaWIuYXV0aC5iYWNrZW5kcy5Nb2RlbEJhY2tlbmQiLCJfYXV0aF91c2VyX2hhc2giOiJkNWQ2OGZhZjdhNTM0YWRhODM4OTE0MmMwZjk3MWNmNGU5NTdkZDYxIn0=", "expire_date": "2020-11-02T00:43:36.887Z"}}, {"model": "sessions.session", "pk": "pqfi51ymuhir5cvk9w6cj8dov6xkpxww", "fields": {"session_data": "ZmExN2E3YTE0MmVkN2Y2NGQyZjU5YWU1YjUzYzM2N2M2ZTg1MTY3NTp7Il9hdXRoX3VzZXJfaWQiOiIxIiwiX2F1dGhfdXNlcl9iYWNrZW5kIjoiZGphbmdvLmNvbnRyaWIuYXV0aC5iYWNrZW5kcy5Nb2RlbEJhY2tlbmQiLCJfYXV0aF91c2VyX2hhc2giOiJkNWQ2OGZhZjdhNTM0YWRhODM4OTE0MmMwZjk3MWNmNGU5NTdkZDYxIn0=", "expire_date": "2020-11-18T22:43:22.920Z"}}, {"model": "sessions.session", "pk": "rpy7ye6f0k8t5btq7wn3ov59qkifhd3s", "fields": {"session_data": "MzFjN2ZkYzg0MDI4OThkYmE3NWYyODkxMmMwZTgwZTU3OTU5MWE0ZTp7Im5leHQiOiIvIiwidmstb2F1dGgyX3N0YXRlIjoiMWpKQW9hOG9SNFpoRUtJY2VNaFFmV1FSRFR3M29lT2EifQ==", "expire_date": "2020-11-12T12:43:58.728Z"}}, {"model": "sessions.session", "pk": "snq9aou8mxtynacuawpprvoej0ws3n8c", "fields": {"session_data": "ZmExN2E3YTE0MmVkN2Y2NGQyZjU5YWU1YjUzYzM2N2M2ZTg1MTY3NTp7Il9hdXRoX3VzZXJfaWQiOiIxIiwiX2F1dGhfdXNlcl9iYWNrZW5kIjoiZGphbmdvLmNvbnRyaWIuYXV0aC5iYWNrZW5kcy5Nb2RlbEJhY2tlbmQiLCJfYXV0aF91c2VyX2hhc2giOiJkNWQ2OGZhZjdhNTM0YWRhODM4OTE0MmMwZjk3MWNmNGU5NTdkZDYxIn0=", "expire_date": "2020-11-19T20:34:04.086Z"}}, {"model": "mainapp.productcategory", "pk": 17, "fields": {"name": "\u0434\u043e\u043c", "description": "\u043e\u0442\u043b\u0438\u0447\u043d\u0430\u044f \u043c\u0435\u0431\u0435\u043b\u044c \u0434\u043b\u044f \u0434\u043e\u043c\u0430\u0448\u043d\u0435\u0433\u043e \u0438\u043d\u0442\u0435\u0440\u044c\u0435\u0440\u0430.", "is_active": true}}, {"model": "mainapp.productcategory", "pk": 18, "fields": {"name": "\u043e\u0444\u0438\u0441", "description": "\u0441\u0442\u0438\u043b\u044c\u043d\u0430\u044f \u0438 \u043d\u0430\u0434\u0435\u0436\u043d\u0430\u044f \u043e\u0444\u0438\u0441\u043d\u0430\u044f \u043c\u0435\u0431\u0435\u043b\u044c \u043d\u043e\u0432\u043e\u0433\u043e \u043f\u043e\u043a\u043e\u043b\u0435\u043d\u0438\u044f.", "is_active": true}}, {"model": "mainapp.productcategory", "pk": 19, "fields": {"name": "\u043c\u043e\u0434\u0435\u0440\u043d", "description": "\u043c\u0435\u0431\u0435\u043b\u044c \u0432 \u0441\u0442\u0438\u043b\u0435 \u041c\u041e\u0414\u0415\u0420\u041d \u043f\u043e\u0434\u043e\u0439\u0434\u0435\u0442 \u0434\u043b\u044f \u043b\u044e\u0431\u043e\u0433\u043e \u0438\u043d\u0442\u0435\u0440\u044c\u0435\u0440\u0430.", "is_active": true}}, {"model": "mainapp.productcategory", "pk": 20, "fields": {"name": "\u043a\u043b\u0430\u0441\u0441\u0438\u043a\u0430", "description": "\u043a\u043b\u0430\u0441\u0441\u0438\u0447\u0435\u0441\u043a\u0438\u0439 \u0441\u0442\u0438\u043b\u044c \u0430\u043a\u0442\u0443\u0430\u043b\u0435\u043d \u0432 \u043b\u044e\u0431\u044b\u0435 \u0432\u0440\u0435\u043c\u0435\u043d\u0430.", "is_active": true}}, {"model": "mainapp.productcategory", "pk": 21, "fields": {"name": "\u0430\u0440\u0442-\u0434\u0435\u043a\u043e", "description": "", "is_active": false}}, {"model": "mainapp.product", "pk": 41, "fields": {"category": 17, "name": "\u043a\u043e\u043c\u0444\u043e\u0440\u0442 1", "image": "products_images/product-1.jpg", "short_desc": "\u043a\u043e\u043c\u0444\u043e\u0440\u0442\u043d\u044b\u0439 \u0441\u0442\u0443\u043b", "description": "\u043f\u043e\u0434\u043e\u0439\u0434\u0435\u0442 \u0434\u043b\u044f \u043f\u0440\u043e\u0441\u043c\u043e\u0442\u0440\u0430 \u0444\u0438\u043b\u044c\u043c\u043e\u0432", "price": "2989.50", "quantity": 17, "is_active": true}}, {"model": "mainapp.product", "pk": 42, "fields": {"category": 17, "name": "\u043a\u043e\u043c\u0444\u043e\u0440\u0442 2", "image": "products_images/product-2.jpg", "short_desc": "\u043e\u0447\u0435\u043d\u044c \u043a\u043e\u043c\u0444\u043e\u0440\u0442\u043d\u044b\u0439 \u0441\u0442\u0443\u043b", "description": "\u043f\u043e\u0434\u043e\u0439\u0434\u0435\u0442 \u0434\u043b\u044f \u043e\u0431\u0449\u0435\u043d\u0438\u044f \u0441 \u0434\u0440\u0443\u0437\u044c\u044f\u043c\u0438", "price": "3687.20", "quantity": 21, "is_active": true}}, {"model": "mainapp.product", "pk": 43, "fields": {"category": 17, "name": "\u043b\u044e\u043a\u0441", "image": "products_images/product-3.jpg", "short_desc": "\u0438\u0441\u043f\u043e\u043b\u044c\u0437\u043e\u0432\u0430\u043d\u044b \u043f\u0440\u0435\u043c\u0438\u0430\u043b\u044c\u043d\u044b\u0435 \u043c\u0430\u0442\u0435\u0440\u0438\u0430\u043b\u044b", "description": "\u0434\u043b\u044f \u0442\u0435\u0445, \u043a\u0442\u043e \u0441\u0442\u0440\u0435\u043c\u0438\u0442\u0441\u044f \u043a \u043b\u0443\u0447\u0448\u0435\u043c\u0443", "price": "8157.99", "quantity": 6, "is_active": true}}, {"model": "mainapp.product", "pk": 44, "fields": {"category": 18, "name": "\u0441\u0442\u0430\u043d\u0434\u0430\u0440\u0442", "image": "products_images/product-4.jpg", "short_desc": "\u0443\u043d\u0438\u0432\u0435\u0440\u0441\u0430\u043b\u044c\u043d\u043e\u0435 \u0440\u0435\u0448\u0435\u043d\u0438\u0435", "description": "\u043f\u043e\u0434\u043e\u0439\u0434\u0435\u0442 \u0434\u043b\u044f \u043b\u044e\u0431\u043e\u0433\u043e \u043e\u0444\u0438\u0441\u0430", "price": "1895.25", "quantity": 26, "is_active": true}}, {"model": "mainapp.product", "pk": 45, "fields": {"category": 18, "name": "\u043f\u0440\u0435\u043c\u0438\u0443\u043c", "image": "products_images/product-5-sm.jpg", "short_desc": "\u0443\u043b\u0443\u0447\u0448\u0435\u043d\u043d\u044b\u0439 \u0434\u0438\u0437\u0430\u0439\u043d", "description": "\u0438\u0434\u0435\u0430\u043b\u044c\u043d\u043e \u0432\u043f\u0438\u0448\u0435\u0442\u0441\u044f \u0432 \u0441\u0442\u0440\u043e\u0433\u0438\u0439 \u0438\u043d\u0442\u0435\u0440\u044c\u0435\u0440 \u043e\u0444\u0438\u0441\u0430", "price": "3587.41", "quantity": 5, "is_active": true}}, {"model": "mainapp.product", "pk": 46, "fields": {"category": 19, "name": "\u043d\u043e\u0432\u0438\u043d\u043a\u0430", "image": "products_images/product-11.jpg", "short_desc": "\u0438\u043d\u043d\u043e\u0432\u0430\u0446\u0438\u043e\u043d\u043d\u044b\u0439 \u0434\u0438\u0437\u0430\u0439\u043d", "description": "\u043d\u0435\u0441\u0442\u0430\u043d\u0434\u0430\u0440\u0442\u043d\u043e\u0435 \u0440\u0435\u0448\u0435\u043d\u0438\u0435 \u0434\u043b\u044f \u0441\u043e\u0432\u0440\u0435\u043c\u0435\u043d\u043d\u043e\u0433\u043e \u0438\u043d\u0442\u0435\u0440\u044c\u0435\u0440\u0430", "price": "5361.47", "quantity": 18, "is_active": true}}, {"model": "mainapp.product", "pk": 47, "fields": {"category": 19, "name": "\u043f\u0440\u043e\u0433\u0440\u0435\u0441\u0441", "image": "products_images/product-21.jpg", "short_desc": "\u043f\u0440\u043e\u0433\u0440\u0435\u0441\u0441\u0438\u0432\u043d\u044b\u0439 \u0434\u0438\u0437\u0430\u0439\u043d", "description": "\u0444\u0443\u043d\u043a\u0446\u0438\u043e\u043d\u0430\u043b\u044c\u043d\u043e\u0435 \u0438 \u043a\u043e\u043c\u0444\u043e\u0440\u0442\u043d\u043e\u0435 \u0440\u0435\u0448\u0435\u043d\u0438\u0435", "price": "6789.33", "quantity": 12, "is_active": true}}, {"model": "mainapp.product", "pk": 48, "fields": {"category": 20, "name": "\u0432\u0435\u043d\u0435\u0446\u0438\u044f", "image": "products_images/product-31.jpg", "short_desc": "\u043a\u043b\u0430\u0441\u0441\u0438\u0447\u0435\u0441\u043a\u0438\u0435 \u0444\u043e\u0440\u043c\u044b", "description": "\u043e\u043a\u0443\u043d\u0438\u0442\u0435\u0441\u044c \u0432 \u0435\u0432\u0440\u043e\u043f\u0435\u0439\u0441\u043a\u0438\u0439 \u043a\u043e\u043c\u0444\u043e\u0440\u0442", "price": "4147.51", "quantity": 23, "is_active": true}}, {"model": "mainapp.product", "pk": 49, "fields": {"category": 20, "name": "\u0442\u043e\u0441\u043a\u0430\u043d\u0430", "image": "products_images/product-41.jpg", "short_desc": "\u044d\u0440\u0433\u043e\u043d\u043e\u043c\u0438\u0447\u043d\u0430\u044f \u0441\u043f\u0438\u043d\u043a\u0430", "description": "\u043f\u043e\u0447\u0443\u0432\u0441\u0442\u0432\u0443\u0439\u0442\u0435 \u043a\u043e\u043c\u0444\u043e\u0440\u0442 \u0438 \u043d\u0430\u0441\u043b\u0430\u0434\u0438\u0442\u0435\u0441\u044c \u0446\u0432\u0435\u0442\u043e\u0432\u043e\u0439 \u0433\u0430\u043c\u043c\u043e\u0439", "price": "7147.35", "quantity": 29, "is_active": true}}, {"model": "mainapp.product", "pk": 50, "fields": {"category": 20, "name": "\u0440\u0438\u043c", "image": "products_images/product-51.jpg", "short_desc": "\u0443\u0434\u0430\u0447\u043d\u044b\u0435 \u043f\u0440\u043e\u043f\u043e\u0440\u0446\u0438\u0438", "description": "\u043a\u043e\u043c\u043f\u0430\u043a\u0442\u043d\u043e\u0441\u0442\u044c \u0438 \u0444\u0443\u043d\u043a\u0446\u0438\u043e\u043d\u0430\u043b\u044c\u043d\u043e\u0441\u0442\u044c", "price": "8357.77", "quantity": 8, "is_active": true}}, {"model": "mainapp.product", "pk": 51, "fields": {"category": 20, "name": "\u041e\u0447\u0435\u043d\u044c \u0443\u0434\u043e\u0431\u043d\u044b\u0439 \u0441\u0442\u0443\u043b", "image": "products_images/comfy_chair_FqqBR9a.jpg", "short_desc": "\u041d\u0443 \u043e\u0447\u0435\u043d\u044c \u0443\u0434\u043e\u0431\u043d\u044b\u0439 \u0441\u0442\u0443\u043b", "description": "\u0421\u0442\u0443\u043b \u043f\u043e\u0432\u044b\u0448\u0435\u043d\u043d\u043e\u0433\u043e \u0443\u0434\u043e\u0431\u0441\u0442\u0432\u0430, \u0433\u0430\u0440\u0430\u043d\u0442\u0438\u0440\u0443\u044e \u044d\u0442\u043e!", "price": "7897.00", "quantity": 45, "is_active": true}}, {"model": "mainapp.product", "pk": 52, "fields": {"category": 17, "name": "\u0423\u044e\u0442\u043d\u043e\u0435 \u043a\u0440\u0435\u0441\u043b\u043e", "image": "products_images/comfy_armchair.jpg", "short_desc": "\u0411\u043e\u043b\u044c\u0448\u043e\u0435 \u043a\u0430\u043a \u0442\u0432\u043e\u044f \u043c\u0430\u043c\u0430\u0448\u0430", "description": "\u0418 \u0442\u0430\u043a\u043e\u0435 \u0436\u0435 \u0433\u043b\u0443\u0431\u043e\u043a\u043e\u0435!", "price": "9898.00", "quantity": 18, "is_active": true}}, {"model": "authapp.shopuser", "pk": 1, "fields": {"password": "pbkdf2_sha256$150000$o4l1Lm9wTUX8$yS5vAvW06n1mFmZpyno7AXFhbC/OhkqthoyQ0TOYh2Y=", "last_login": "2020-11-05T20:34:03.872Z", "is_superuser": true, "username": "django", "first_name": "admin", "last_name": "test", "email": "", "is_staff": true, "is_active": true, "date_joined": "2020-10-03T18:01:28.495Z", "avatar": "users_avatars/unnamed.jpg", "age": 32, "activation_key": "", "activation_key_expires": "2020-10-24T10:30:40.843Z", "groups": [], "user_permissions": []}}, {"model": "authapp.shopuser", "pk": 2, "fields": {"password": "pbkdf2_sha256$150000$ptFM0o7WSzsX$MaBnr3ehLrOmvE8eTmxnFii4XP8IaCVBYnvny3lnlYQ=", "last_login": "2020-11-04T22:20:20.258Z", "is_superuser": false, "username": "Dima_DAT", "first_name": "\u0414\u043c\u0438\u0442\u0440\u0438\u0439 \u0422\u0430\u043a\u043c\u0430\u043a\u043e\u0432", "last_name": "", "email": "dj-dat32532623263@yandex.ru", "is_staff": false, "is_active": true, "date_joined": "2020-10-05T11:33:23Z", "avatar": "users_avatars/Fr2911ka_pg.jpg", "age": 32, "activation_key": "", "activation_key_expires": "2020-10-24T10:30:40.843Z", "groups": [], "user_permissions": []}}, {"model": "authapp.shopuser", "pk": 8, "fields": {"password": "pbkdf2_sha256$150000$BBK6JFgNFzih$24jPerCUiuAaLkyxjwbYsvhEZ1etRiknXqX5FZlFS/A=", "last_login": null, "is_superuser": false, "username": "test_person", "first_name": "test363", "last_name": "test", "email": "test@test.com", "is_staff": true, "is_active": true, "date_joined": "2020-10-19T00:32:04Z", "avatar": "users_avatars/avatar_1_xiO3q9C.JPG", "age": 44, "activation_key": "", "activation_key_expires": "2020-10-24T10:30:40.843Z", "groups": [], "user_permissions": []}}, {"model": "authapp.shopuser", "pk": 9, "fields": {"password": "pbkdf2_sha256$150000$TlLFuZUG44ek$GZKxQi+12AXLnuRutUDICcM1bKSErZ+4TaODNoXkmik=", "last_login": null, "is_superuser": false, "username": "testtesttest", "first_name": "django_test", "last_name": "", "email": "testtest@geek.shop", "is_staff": false, "is_active": true, "date_joined": "2020-10-19T09:52:22.414Z", "avatar": "", "age": 144, "activation_key": "", "activation_key_expires": "2020-10-24T10:30:40.843Z", "groups": [], "user_permissions": []}}, {"model": "authapp.shopuser", "pk": 10, "fields": {"password": "pbkdf2_sha256$150000$Q6z3mnnTmPsQ$HNHdb0O21INBUYkp+xNlrwzmMdpsKj+Mi/zPE9dZKT4=", "last_login": "2020-10-22T15:31:32.213Z", "is_superuser": false, "username": "djangotest", "first_name": "Django Untested", "last_name": "", "email": "test@geekshop.local", "is_staff": false, "is_active": true, "date_joined": "2020-10-22T15:31:16.236Z", "avatar": "", "age": 33, "activation_key": "b1628e4d9c4ed02a1d7713f7d7fbbf7f257d2c7b", "activation_key_expires": "2020-10-24T15:30:17.548Z", "groups": [], "user_permissions": []}}, {"model": "authapp.shopuser", "pk": 11, "fields": {"password": "pbkdf2_sha256$150000$SHiunYE5Wcs8$VcaXjA4iAYNUwzEaKLFdV+0VWI4JrQxYZJFwiTweETE=", "last_login": null, "is_superuser": false, "username": "anotherdjangotest", "first_name": "DjangoTest", "last_name": "", "email": "geek@shop.local", "is_staff": false, "is_active": false, "date_joined": "2020-10-22T15:34:24.052Z", "avatar": "users_avatars/comfy_armchair.jpg", "age": 75, "activation_key": "9e2b51ff70f5dba7f8dc49a3a10d1d3d5258fbc4", "activation_key_expires": "2020-10-24T15:33:17.873Z", "groups": [], "user_permissions": []}}, {"model": "authapp.shopuser", "pk": 17, "fields": {"password": "!XUn4eIULjlTEHw9HKXkxxsTpMNV1SDo5tMw3Kj5a", "last_login": "2020-11-04T22:39:21.207Z", "is_superuser": false, "username": "id5859447", "first_name": "Dmitry", "last_name": "Takmakov", "email": "dj-dat@yandex.ru", "is_staff": false, "is_active": true, "date_joined": "2020-10-29T16:10:36.117Z", "avatar": "", "age": 32, "activation_key": "", "activation_key_expires": "2020-10-31T16:10:25.006Z", "groups": [], "user_permissions": []}}, {"model": "authapp.shopuser", "pk": 18, "fields": {"password": "!Ie0J2VXTmDnWni5SammR0KFxvWAtHOIozJ6Oz2fp", "last_login": "2020-10-29T16:12:09.775Z", "is_superuser": false, "username": "fenyajane", "first_name": "Evgenia", "last_name": "Kudryashova", "email": "fenyaaaaa@yandex.ru", "is_staff": false, "is_active": true, "date_joined": "2020-10-29T16:10:58.598Z", "avatar": "", "age": 31, "activation_key": "", "activation_key_expires": "2020-10-31T16:10:25.006Z", "groups": [], "user_permissions": []}}, {"model": "authapp.shopuser", "pk": 24, "fields": {"password": "!YmbWnOi2sk0z5e3BXlGAAgOb6baIxWSmLe6n8wvK", "last_login": "2020-10-31T18:27:37.176Z", "is_superuser": false, "username": "digitalaudiotape5000", "first_name": "DATapeable", "last_name": "", "email": "digitalaudiotape5000@gmail.com", "is_staff": false, "is_active": true, "date_joined": "2020-10-31T18:27:36.286Z", "avatar": "", "age": 18, "activation_key": "", "activation_key_expires": "2020-11-02T18:26:48.032Z", "groups": [], "user_permissions": []}}, {"model": "authapp.shopuser", "pk": 80, "fields": {"password": "pbkdf2_sha256$150000$ZpWVl6LIH0Bk$+xx0TiNtn9YG4z3x15vKqzPe/7OmKgc1SUt5c7Y0E/Q=", "last_login": "2020-11-04T22:07:29.175Z", "is_superuser": false, "username": "11django35535", "first_name": "testing views", "last_name": "", "email": "ry@rer.com", "is_staff": false, "is_active": true, "date_joined": "2020-11-04T01:55:47.696Z", "avatar": "users_avatars/d7437d8b4e4cca9c4dfd14590798440d.jpg", "age": 18, "activation_key": "1a17e341e5a0cf7fc9b55ce9efd9e0c53bce6d30", "activation_key_expires": "2020-11-06T01:55:26.270Z", "groups": [], "user_permissions": []}}, {"model": "authapp.shopuser", "pk": 81, "fields": {"password": "pbkdf2_sha256$150000$C1dLBf8HMWnA$jv9NNoGI5rwXQTWlcw0Ul7LLrYMajqZy5mvly6tM6zY=", "last_login": "2020-11-04T18:02:24.933Z", "is_superuser": false, "username": "testing_views", "first_name": "testing views", "last_name": "", "email": "testtestttt@geek.shop", "is_staff": false, "is_active": true, "date_joined": "2020-11-04T18:02:00.684Z", "avatar": "users_avatars/33gi00.jpg", "age": 18, "activation_key": "9d46a1236dee87d82e4af4f6af3b6b2e28533e3c", "activation_key_expires": "2020-11-06T17:59:11.505Z", "groups": [], "user_permissions": []}}, {"model": "authapp.shopuserprofile", "pk": 1, "fields": {"user": 1, "tagline": "", "about_me": "", "gender": "", "social_avatar": ""}}, {"model": "authapp.shopuserprofile", "pk": 2, "fields": {"user": 2, "tagline": "", "about_me": "", "gender": "M", "social_avatar": ""}}, {"model": "authapp.shopuserprofile", "pk": 3, "fields": {"user": 8, "tagline": "", "about_me": "", "gender": "", "social_avatar": ""}}, {"model": "authapp.shopuserprofile", "pk": 4, "fields": {"user": 9, "tagline": "", "about_me": "", "gender": "", "social_avatar": ""}}, {"model": "authapp.shopuserprofile", "pk": 5, "fields": {"user": 10, "tagline": "", "about_me": "", "gender": "", "social_avatar": ""}}, {"model": "authapp.shopuserprofile", "pk": 6, "fields": {"user": 11, "tagline": "", "about_me": "", "gender": "", "social_avatar": ""}}, {"model": "authapp.shopuserprofile", "pk": 12, "fields": {"user": 17, "tagline": "", "about_me": "\u043f\u0443\u0441\u0442\u043e\u0442\u0430", "gender": "M", "social_avatar": "https://sun1-26.userapi.com/impf/c847218/v847218961/15f87a/Fr2911ka_pg.jpg?size=200x0&quality=90&crop=0,0,487,604&sign=7bfcc594fe9fd2a60304b2d03999547d&c_uniq_tag=6t9Rtmpcms04780YdcGWugImSYs66V8JbPDkWpclwRQ&ava=1"}}, {"model": "authapp.shopuserprofile", "pk": 13, "fields": {"user": 18, "tagline": "", "about_me": "\n", "gender": "F", "social_avatar": ""}}, {"model": "authapp.shopuserprofile", "pk": 75, "fields": {"user": 80, "tagline": "", "about_me": "", "gender": "F", "social_avatar": ""}}, {"model": "authapp.shopuserprofile", "pk": 76, "fields": {"user": 81, "tagline": "", "about_me": "", "gender": "", "social_avatar": ""}}, {"model": "basketapp.basket", "pk": 20, "fields": {"user": 1, "product": 44, "quantity": 1, "added_at": "2020-11-05T20:48:05.373Z"}}, {"model": "social_django.usersocialauth", "pk": 5, "fields": {"user": 17, "provider": "vk-oauth2", "uid": "5859447", "extra_data": "{\"auth_time\": 1604529560, \"id\": 5859447, \"expires\": 86400, \"access_token\": \"da03b366ce3c1a882ba7a645cd5634d883b850424b5bef44abc471a3fa8151b02aaca57e4975b34801ea0\", \"token_type\": null}", "created": "2020-10-29T16:10:36.691Z", "modified": "2020-11-04T22:39:20.918Z"}}, {"model": "social_django.usersocialauth", "pk": 6, "fields": {"user": 18, "provider": "vk-oauth2", "uid": "49852905", "extra_data": "{\"auth_time\": 1603987929, \"id\": 49852905, \"expires\": 86400, \"access_token\": \"c46f31d18cf9cd523b6c740b2e913526c12311ee8e7bbc0660964cef71e6c0a38d9a6e717d23a5cea6d41\", \"token_type\": null}", "created": "2020-10-29T16:10:59.538Z", "modified": "2020-10-29T16:12:09.546Z"}}, {"model": "social_django.usersocialauth", "pk": 12, "fields": {"user": 24, "provider": "google-oauth2", "uid": "digitalaudiotape5000@gmail.com", "extra_data": "{\"auth_time\": 1604168856, \"expires\": 3599, \"token_type\": \"Bearer\", \"access_token\": \"ya29.A0AfH6SMBNBG22akS20LXh0CQG7_Tgq4NITQDsOVKBBNajaO2UBD9vjwpyA2FKlJYvs3KxsUZfYyPAb1PNni8eiB-DWglL2Bf5mCd0vvHSph_NsBbnLlMOJrpQUDohaHmisSKCP2SqGxanP0r7dTx3OQAJFdLpKcwZipgpj6pJdjM\"}", "created": "2020-10-31T18:27:36.720Z", "modified": "2020-10-31T18:27:36.792Z"}}, {"model": "orderapp.order", "pk": 1, "fields": {"user": 1, "created": "2020-11-01T18:13:46.481Z", "updated": "2020-11-01T18:13:46.638Z", "status": "", "is_active": true}}, {"model": "orderapp.order", "pk": 2, "fields": {"user": 1, "created": "2020-11-01T18:14:45.873Z", "updated": "2020-11-01T18:14:46.067Z", "status": "", "is_active": true}}, {"model": "orderapp.order", "pk": 3, "fields": {"user": 1, "created": "2020-11-01T18:34:42.860Z", "updated": "2020-11-01T18:34:43.178Z", "status": "", "is_active": true}}, {"model": "orderapp.order", "pk": 4, "fields": {"user": 1, "created": "2020-11-01T18:42:50.549Z", "updated": "2020-11-01T18:48:00.183Z", "status": "FM", "is_active": false}}, {"model": "orderapp.order", "pk": 5, "fields": {"user": 1, "created": "2020-11-01T18:49:06.601Z", "updated": "2020-11-04T20:14:22.538Z", "status": "DN", "is_active": true}}, {"model": "orderapp.order", "pk": 6, "fields": {"user": 1, "created": "2020-11-04T23:50:52.807Z", "updated": "2020-11-05T22:55:17.824Z", "status": "PD", "is_active": true}}, {"model": "orderapp.order", "pk": 7, "fields": {"user": 1, "created": "2020-11-05T13:03:36.622Z", "updated": "2020-11-05T13:05:35.166Z", "status": "DN", "is_active": true}}, {"model": "orderapp.order", "pk": 8, "fields": {"user": 1, "created": "2020-11-05T13:04:31.742Z", "updated": "2020-11-05T13:04:31.894Z", "status": "FM", "is_active": false}}, {"model": "orderapp.order", "pk": 9, "fields": {"user": 1, "created": "2020-11-05T13:10:00.831Z", "updated": "2020-11-05T13:10:01.055Z", "status": "FM", "is_active": false}}, {"model": "orderapp.orderitem", "pk": 1, "fields": {"order": 1, "product": 45, "quantity": 11}}, {"model": "orderapp.orderitem", "pk": 2, "fields": {"order": 2, "product": 45, "quantity": 11}}, {"model": "orderapp.orderitem", "pk": 3, "fields": {"order": 3, "product": 52, "quantity": 1}}, {"model": "orderapp.orderitem", "pk": 4, "fields": {"order": 3, "product": 47, "quantity": 1}}, {"model": "orderapp.orderitem", "pk": 5, "fields": {"order": 4, "product": 49, "quantity": 11}}, {"model": "orderapp.orderitem", "pk": 6, "fields": {"order": 5, "product": 50, "quantity": 8}}, {"model": "orderapp.orderitem", "pk": 7, "fields": {"order": 6, "product": 43, "quantity": 2}}, {"model": "orderapp.orderitem", "pk": 8, "fields": {"order": 6, "product": 41, "quantity": 3}}, {"model": "orderapp.orderitem", "pk": 9, "fields": {"order": 6, "product": 47, "quantity": 1}}, {"model": "orderapp.orderitem", "pk": 10, "fields": {"order": 7, "product": 52, "quantity": 2}}, {"model": "orderapp.orderitem", "pk": 11, "fields": {"order": 7, "product": 43, "quantity": 1}}, {"model": "orderapp.orderitem", "pk": 12, "fields": {"order": 7, "product": 45, "quantity": 4}}, {"model": "orderapp.orderitem", "pk": 13, "fields": {"order": 7, "product": 48, "quantity": 2}}, {"model": "admin.logentry", "pk": 1, "fields": {"action_time": "2020-10-05T18:08:05.848Z", "user": 1, "content_type": 8, "object_id": "3", "object_repr": "adadad", "action_flag": 3, "change_message": ""}}, {"model": "admin.logentry", "pk": 2, "fields": {"action_time": "2020-10-05T18:16:14.586Z", "user": 1, "content_type": 8, "object_id": "4", "object_repr": "adadad", "action_flag": 3, "change_message": ""}}, {"model": "admin.logentry", "pk": 3, "fields": {"action_time": "2020-10-07T19:14:22.422Z", "user": 1, "content_type": 8, "object_id": "7", "object_repr": "gaggaagd", "action_flag": 3, "change_message": ""}}, {"model": "admin.logentry", "pk": 4, "fields": {"action_time": "2020-10-07T19:14:22.605Z", "user": 1, "content_type": 8, "object_id": "6", "object_repr": "sfasfsffsdag", "action_flag": 3, "change_message": ""}}, {"model": "admin.logentry", "pk": 5, "fields": {"action_time": "2020-10-07T19:14:22.696Z", "user": 1, "content_type": 8, "object_id": "5", "object_repr": "adadad", "action_flag": 3, "change_message": ""}}]